Time_min,Time_hr,User_ID,Distance_m,RSSI_dBm,SNR_dB,Outage
0,0,1,114,-56.4631190174233,20.3367773526096,0
10,0.166666666666667,1,114,-54.6099915791859,30.6268071262066,0
20,0.333333333333333,1,114,-55.2169978807688,29.8598720803425,0
30,0.5,1,114,-54.5372024318617,15.4106280463792,0
40,0.666666666666667,1,114,-52.7683663209293,21.4927812475279,0
50,0.833333333333333,1,114,-57.3003035034098,29.2802203374098,0
60,1,1,114,-55.2892960229602,14.4649667511724,0
70,1.16666666666667,1,114,-55.534387189634,22.3499354968042,0
80,1.33333333333333,1,114,-61.7331141593334,24.4485584680238,0
90,1.5,1,114,-55.8505152099783,21.8167767137769,0
100,1.66666666666667,1,114,-55.3131803499039,16.3162618369338,0
110,1.83333333333333,1,114,-53.6724642712584,12.0451265655795,0
120,2,1,114,-57.7893460584705,10.8422426503759,0
130,2.16666666666667,1,114,-56.3779381137464,15.4113385566504,0
140,2.33333333333333,1,114,-59.6864144656182,17.0622100222473,0
150,2.5,1,114,-58.0596577267073,13.3810524644898,0
160,2.66666666666667,1,114,-59.7038764941745,14.5677451730304,0
170,2.83333333333333,1,114,-56.822238989981,13.5381035092817,0
180,3,1,114,-55.2380442614387,12.1900634891516,0
190,3.16666666666667,1,114,-57.8846398882402,13.8810246691366,0
200,3.33333333333333,1,114,-56.7585281183704,13.9134421229616,0
210,3.5,1,114,-59.225033347925,12.1878809190332,0
220,3.66666666666667,1,114,-61.2746696106313,9.3943464904846,1
230,3.83333333333333,1,114,-56.9294516609193,16.3949565213625,0
240,4,1,114,-58.1711677961719,13.9370191494421,0
250,4.16666666666667,1,114,-56.7035699594817,14.6979136613148,0
260,4.33333333333333,1,114,-60.897315378274,18.4386166308535,0
270,4.5,1,114,-58.031236285368,20.1328624426458,0
280,4.66666666666667,1,114,-56.4818511882173,24.0620083734792,0
290,4.83333333333333,1,114,-56.5669014114723,19.1080779748224,0
300,5,1,114,-61.7235508925685,23.8343936372207,0
310,5.16666666666667,1,114,-56.3772479043628,19.7628821924255,0
320,5.33333333333333,1,114,-53.7478094206483,26.9591623329739,0
330,5.5,1,114,-56.0782331249537,20.6277039561118,0
340,5.66666666666667,1,114,-59.5142009127728,27.1488604429437,0
350,5.83333333333333,1,114,-56.7189112925964,26.9213862314753,0
360,6,1,114,-56.3004159118944,24.0667898743133,0
370,6.16666666666667,1,114,-59.2336063954166,28.1590314241592,0
380,6.33333333333333,1,114,-54.138596432896,28.9207804952424,0
390,6.5,1,114,-56.2382317244169,20.9152537681033,0
400,6.66666666666667,1,114,-53.4449873747383,19.0678170995626,0
410,6.83333333333333,1,114,-56.1158143269839,21.1543169897914,0
420,7,1,114,-55.6910333500307,19.9396792838866,0
430,7.16666666666667,1,114,-56.617706858485,25.1820590398036,0
440,7.33333333333333,1,114,-55.5101157972775,22.775196717281,0
450,7.5,1,114,-55.9214052125266,10.7502601821281,0
460,7.66666666666667,1,114,-55.4039134584959,16.629409450226,0
470,7.83333333333333,1,114,-58.0873124617269,15.7782091443681,0
480,8,1,114,-58.3764009419725,12.432755371399,0
490,8.16666666666667,1,114,-55.1239311477844,11.5301521171904,0
500,8.33333333333333,1,114,-59.8141455961996,10.3141010504254,0
510,8.5,1,114,-55.4783809746247,12.6682822905302,0
520,8.66666666666667,1,114,-52.903446935307,12.8433102874068,0
530,8.83333333333333,1,114,-55.8358889691107,12.5694594012867,0
540,9,1,114,-52.0996692761974,6.81563340419142,1
550,9.16666666666667,1,114,-56.3807935101102,14.6196497023593,0
560,9.33333333333333,1,114,-60.5985523439242,13.550109831433,0
570,9.5,1,114,-55.3173812584007,15.4053732170426,0
580,9.66666666666667,1,114,-57.6468026861132,12.536197783607,0
590,9.83333333333333,1,114,-57.2809800840645,14.9050831786486,0
600,10,1,114,-58.8156342363873,19.2064354297724,0
610,10.1666666666667,1,114,-59.976928438591,14.9262878765292,0
620,10.3333333333333,1,114,-57.3632438252594,14.9345649960312,0
630,10.5,1,114,-58.1763774348726,21.6057043677086,0
640,10.6666666666667,1,114,-56.1619123394382,22.5294439719879,0
650,10.8333333333333,1,114,-54.5443684216413,24.6142625152315,0
660,11,1,114,-57.4521472616115,23.0571565596763,0
670,11.1666666666667,1,114,-58.8680629877564,24.9079067910521,0
680,11.3333333333333,1,114,-56.5505171334745,19.1605516558386,0
690,11.5,1,114,-56.2198410712538,21.4691875221685,0
700,11.6666666666667,1,114,-54.3285742384878,30.662527942425,0
710,11.8333333333333,1,114,-61.2082117033032,23.2499362353482,0
720,12,1,114,-54.6677732664067,19.2323549462138,0
730,12.1666666666667,1,114,-56.7643479123356,28.352688576488,0
740,12.3333333333333,1,114,-55.9295958929901,26.7851522094415,0
750,12.5,1,114,-58.4643266063833,21.3134558127623,0
760,12.6666666666667,1,114,-57.3548849570679,20.4666256958354,0
770,12.8333333333333,1,114,-59.0140094114522,22.2863902110857,0
780,13,1,114,-59.6781724957702,17.3067482911746,0
790,13.1666666666667,1,114,-56.9372827168668,21.9791407694184,0
800,13.3333333333333,1,114,-54.4123240356886,17.0075737796023,0
810,13.5,1,114,-55.3663040294834,23.3654776520395,0
820,13.6666666666667,1,114,-56.2474546923667,20.4687096206657,0
830,13.8333333333333,1,114,-56.8118968475793,16.6928127489571,0
840,14,1,114,-57.3294771237221,12.516953373451,0
850,14.1666666666667,1,114,-53.5456622586889,13.7585733000464,0
860,14.3333333333333,1,114,-56.4148462114106,12.1753523305815,0
870,14.5,1,114,-59.9714691594345,9.38934290268819,1
880,14.6666666666667,1,114,-58.3588768267229,16.5731100290773,0
890,14.8333333333333,1,114,-56.0362235773622,11.0558340287002,0
900,15,1,114,-56.7806623625137,13.5179821672132,0
910,15.1666666666667,1,114,-60.4603057797877,6.65519140219023,1
920,15.3333333333333,1,114,-55.310732383895,6.51266725537185,1
930,15.5,1,114,-55.5595675100464,20.045917451438,0
940,15.6666666666667,1,114,-55.8988410082704,13.7431338464731,0
950,15.8333333333333,1,114,-59.9787991823674,13.5917226879259,0
960,16,1,114,-57.9594723335951,14.6573021684944,0
970,16.1666666666667,1,114,-52.9901178955473,11.5117783233552,0
980,16.3333333333333,1,114,-55.6335129605615,18.3326783047083,0
990,16.5,1,114,-58.1187571694524,12.4451320246036,0
1000,16.6666666666667,1,114,-59.3174027167705,19.7093320711289,0
1010,16.8333333333333,1,114,-57.2282570094996,20.7594290417536,0
1020,17,1,114,-58.8069898595477,24.6995193425436,0
1030,17.1666666666667,1,114,-56.1711988260553,22.7124374952749,0
1040,17.3333333333333,1,114,-54.2152436446172,18.7715816741547,0
1050,17.5,1,114,-58.3128939021314,24.5301476974362,0
1060,17.6666666666667,1,114,-58.2186010489227,16.9096826907429,0
1070,17.8333333333333,1,114,-53.4553809413286,21.5106172486547,0
1080,18,1,114,-60.0723073748727,20.0050773833935,0
1090,18.1666666666667,1,114,-56.069071749495,25.026520962938,0
1100,18.3333333333333,1,114,-55.3260764862957,19.7508710447923,0
1110,18.5,1,114,-56.0214522621411,23.968444172012,0
1120,18.6666666666667,1,114,-58.8688633704014,33.8157464831199,0
1130,18.8333333333333,1,114,-58.0657281836421,25.0202301279753,0
1140,19,1,114,-57.0234792622955,19.9324643881608,0
1150,19.1666666666667,1,114,-57.477379072418,17.1071279252594,0
1160,19.3333333333333,1,114,-58.3892933274794,20.9512579641817,0
1170,19.5,1,114,-55.1699096164466,19.2809813674454,0
1180,19.6666666666667,1,114,-54.7284541723106,8.17530460169147,1
1190,19.8333333333333,1,114,-55.6052420261608,16.3401699876318,0
1200,20,1,114,-60.3080766803485,15.2243105646945,0
1210,20.1666666666667,1,114,-55.6031685844709,14.4472286363279,0
1220,20.3333333333333,1,114,-54.7273722019899,16.0780993644565,0
1230,20.5,1,114,-57.4579657636161,13.8636469284468,0
1240,20.6666666666667,1,114,-53.7725427515552,11.9496734032741,0
1250,20.8333333333333,1,114,-61.1849368342671,11.322245347206,0
1260,21,1,114,-57.9907726244175,12.7961858161975,0
1270,21.1666666666667,1,114,-58.6277079619339,8.26868059297889,1
1280,21.3333333333333,1,114,-55.4950827272482,12.3958688050505,0
1290,21.5,1,114,-56.5398399406413,9.56572164656166,1
1300,21.6666666666667,1,114,-57.8516383771109,7.08715088637589,1
1310,21.8333333333333,1,114,-59.7032597181291,12.0795037766585,0
1320,22,1,114,-59.7536594180062,16.5052720576069,0
1330,22.1666666666667,1,114,-58.7610756537529,19.7655652543913,0
1340,22.3333333333333,1,114,-57.2371841267074,16.5930397777244,0
1350,22.5,1,114,-57.9898057582247,20.7602973739065,0
1360,22.6666666666667,1,114,-58.3875386244987,14.341695739469,0
1370,22.8333333333333,1,114,-54.3454543106085,26.0257900024379,0
1380,23,1,114,-56.9393663574149,22.398064186647,0
1390,23.1666666666667,1,114,-54.1640520854352,26.1221576577919,0
1400,23.3333333333333,1,114,-59.6682037492838,24.2040372303385,0
1410,23.5,1,114,-58.4969436442041,21.3635651252634,0
1420,23.6666666666667,1,114,-57.0628430623514,25.0319225529552,0
1430,23.8333333333333,1,114,-59.5925663549525,26.7223887377151,0
0,0,2,125,-63.0817346633478,28.1672779761385,0
10,0.166666666666667,2,125,-57.3610757763543,29.9184015542165,0
20,0.333333333333333,2,125,-56.2173831202918,21.3253013554292,0
30,0.5,2,125,-59.6656632156823,24.286301501566,0
40,0.666666666666667,2,125,-55.2592605959194,22.0351475039103,0
50,0.833333333333333,2,125,-55.7988671151837,19.8705607407547,0
60,1,2,125,-56.6059364521179,21.5816440496635,0
70,1.16666666666667,2,125,-60.041862752075,21.2191517837016,0
80,1.33333333333333,2,125,-59.5714177845993,12.6571956685121,0
90,1.5,2,125,-59.9957139117503,20.9849344334895,0
100,1.66666666666667,2,125,-57.6892892813662,22.2541519310296,0
110,1.83333333333333,2,125,-57.1838801032982,19.0793335182232,0
120,2,2,125,-57.7713607945757,11.2482907069153,0
130,2.16666666666667,2,125,-59.042817099067,13.99626334247,0
140,2.33333333333333,2,125,-61.3483303392205,11.9942945740597,0
150,2.5,2,125,-56.9127001978659,10.1469471589055,0
160,2.66666666666667,2,125,-57.9116967242865,12.3360148414503,0
170,2.83333333333333,2,125,-57.5510930430011,13.0734543233928,0
180,3,2,125,-57.7118849942702,7.54438240184816,1
190,3.16666666666667,2,125,-56.6999936046867,16.9434541254237,0
200,3.33333333333333,2,125,-58.1103066003155,14.3160388543335,0
210,3.5,2,125,-57.5927935749402,14.5895309079482,0
220,3.66666666666667,2,125,-58.7717313186497,16.7790883845427,0
230,3.83333333333333,2,125,-55.7562027883371,12.3081779999752,0
240,4,2,125,-57.2067513734793,17.7100043439676,0
250,4.16666666666667,2,125,-58.8405269998536,14.1551555404858,0
260,4.33333333333333,2,125,-59.9080021458988,22.8315959045931,0
270,4.5,2,125,-59.3584436015724,13.9518887189598,0
280,4.66666666666667,2,125,-58.3542031485181,18.2755210298398,0
290,4.83333333333333,2,125,-60.6610887945724,20.8492230819739,0
300,5,2,125,-58.2767324099193,17.1348597701564,0
310,5.16666666666667,2,125,-63.2179582917728,21.9717424379437,0
320,5.33333333333333,2,125,-57.2770761329064,23.2723833909265,0
330,5.5,2,125,-58.5246601029764,29.7615526716215,0
340,5.66666666666667,2,125,-57.8222171318253,24.8530944851914,0
350,5.83333333333333,2,125,-60.1295323985678,23.6221757780566,0
360,6,2,125,-59.266012882053,23.7627384957251,0
370,6.16666666666667,2,125,-58.9862203038454,24.0623734788795,0
380,6.33333333333333,2,125,-55.5263242448215,24.683822374318,0
390,6.5,2,125,-56.9429088697352,29.0481810850795,0
400,6.66666666666667,2,125,-59.0922434320591,18.1796270109953,0
410,6.83333333333333,2,125,-57.7781316567517,18.5519321849002,0
420,7,2,125,-59.4377960226514,20.2971662706784,0
430,7.16666666666667,2,125,-53.0549470867155,19.6188519193794,0
440,7.33333333333333,2,125,-54.9355179505711,18.3570600976536,0
450,7.5,2,125,-58.2397355845926,20.29770802664,0
460,7.66666666666667,2,125,-57.4505884759203,14.9195613421114,0
470,7.83333333333333,2,125,-57.6869654183522,15.6254535079084,0
480,8,2,125,-56.4051851766463,15.7326285410322,0
490,8.16666666666667,2,125,-56.3542200442086,10.6348041936982,0
500,8.33333333333333,2,125,-56.9366402066834,17.7205442090392,0
510,8.5,2,125,-57.8383802062727,12.3303008932181,0
520,8.66666666666667,2,125,-56.9304052875799,10.7715067334851,0
530,8.83333333333333,2,125,-57.1587609984354,13.4507295603512,0
540,9,2,125,-57.5926922263938,8.34010785203898,1
550,9.16666666666667,2,125,-57.2764220675934,13.7973126980281,0
560,9.33333333333333,2,125,-58.9101619256286,12.1223954785048,0
570,9.5,2,125,-58.6647180878542,12.7980485593879,0
580,9.66666666666667,2,125,-62.3743507525192,14.0289206503973,0
590,9.83333333333333,2,125,-58.3534104005157,18.3918060074048,0
600,10,2,125,-58.6050968172084,15.0933142033997,0
610,10.1666666666667,2,125,-55.7521772605103,17.9344750969787,0
620,10.3333333333333,2,125,-57.5265953134004,16.0835875374028,0
630,10.5,2,125,-56.8941691328712,18.4713144213068,0
640,10.6666666666667,2,125,-59.0944972209341,13.1725338846082,0
650,10.8333333333333,2,125,-57.3684967586742,15.485057062039,0
660,11,2,125,-57.480304393432,24.2281312202479,0
670,11.1666666666667,2,125,-57.6337734167979,20.6467294838601,0
680,11.3333333333333,2,125,-58.9352295825708,18.5637346054325,0
690,11.5,2,125,-58.1166619494978,26.7269173504658,0
700,11.6666666666667,2,125,-58.0974239187146,15.990345897626,0
710,11.8333333333333,2,125,-57.3303397212538,26.0429996007037,0
720,12,2,125,-55.4540519826517,26.8258422966608,0
730,12.1666666666667,2,125,-56.9565152254852,28.41430608911,0
740,12.3333333333333,2,125,-56.6114201554837,24.6354163633179,0
750,12.5,2,125,-57.2803020867961,24.1714105145008,0
760,12.6666666666667,2,125,-55.9500030801395,25.9136375240079,0
770,12.8333333333333,2,125,-55.6078397768076,22.4832576142146,0
780,13,2,125,-59.8747103226972,22.1702965244827,0
790,13.1666666666667,2,125,-58.8043479990293,25.7156229293432,0
800,13.3333333333333,2,125,-61.4624607274705,18.6066665188085,0
810,13.5,2,125,-61.0776051425343,17.6983557526562,0
820,13.6666666666667,2,125,-60.0984091895813,10.6631947742082,0
830,13.8333333333333,2,125,-62.0539818639395,16.244165731925,0
840,14,2,125,-56.4670304186444,7.64228855438269,1
850,14.1666666666667,2,125,-58.9187496360769,13.5692008174024,0
860,14.3333333333333,2,125,-59.8246526001897,18.5174959850484,0
870,14.5,2,125,-57.0093035830805,12.5829224009796,0
880,14.6666666666667,2,125,-56.3948501685729,8.98994468559325,1
890,14.8333333333333,2,125,-56.4998598066129,13.6840337061471,0
900,15,2,125,-57.3249418752729,8.54688250243024,1
910,15.1666666666667,2,125,-58.5523276684795,12.7029131399148,0
920,15.3333333333333,2,125,-58.5595115753185,12.4100662036298,0
930,15.5,2,125,-59.7745906561107,7.42456339393781,1
940,15.6666666666667,2,125,-58.7533337761644,15.5729985169075,0
950,15.8333333333333,2,125,-56.1632532009375,11.1417555747801,0
960,16,2,125,-60.8791713321951,21.4423434961686,0
970,16.1666666666667,2,125,-59.2155182491711,12.317049694324,0
980,16.3333333333333,2,125,-57.8698043436662,14.9821068154399,0
990,16.5,2,125,-59.0857549623416,17.1419834533596,0
1000,16.6666666666667,2,125,-58.5941041524798,12.5390453208558,0
1010,16.8333333333333,2,125,-59.536361296355,23.2471139542027,0
1020,17,2,125,-58.9141173061227,24.0763978734096,0
1030,17.1666666666667,2,125,-60.2357727739405,24.6015967363173,0
1040,17.3333333333333,2,125,-58.3305704315013,20.1496631459817,0
1050,17.5,2,125,-62.3203550436367,23.395912756121,0
1060,17.6666666666667,2,125,-55.5533217388801,26.0337216606776,0
1070,17.8333333333333,2,125,-58.120310786206,24.2888340929501,0
1080,18,2,125,-57.5686357448177,27.2925674356591,0
1090,18.1666666666667,2,125,-58.9213702779079,26.3271662386098,0
1100,18.3333333333333,2,125,-59.2339564825724,19.7243323500494,0
1110,18.5,2,125,-63.0431789884826,25.9548484005169,0
1120,18.6666666666667,2,125,-58.2651897315081,25.8504328998757,0
1130,18.8333333333333,2,125,-58.290104688002,24.0862305945889,0
1140,19,2,125,-58.6994767006185,17.9396054745683,0
1150,19.1666666666667,2,125,-56.9924356582194,17.9774125694799,0
1160,19.3333333333333,2,125,-57.295234688728,17.4009678620127,0
1170,19.5,2,125,-57.060289117647,14.5928051600579,0
1180,19.6666666666667,2,125,-59.6086745499552,13.3997152887979,0
1190,19.8333333333333,2,125,-58.192459342184,19.7820490468211,0
1200,20,2,125,-61.8081620197678,15.0313733337865,0
1210,20.1666666666667,2,125,-57.550214608955,14.4246281693746,0
1220,20.3333333333333,2,125,-58.4935831620207,9.73132562862673,1
1230,20.5,2,125,-56.3046993618711,15.5230180566681,0
1240,20.6666666666667,2,125,-57.8988262049746,9.55486866174843,1
1250,20.8333333333333,2,125,-59.045948646577,12.5263502262209,0
1260,21,2,125,-60.4212008668619,12.8533288258964,0
1270,21.1666666666667,2,125,-58.2445509187339,12.5670714010197,0
1280,21.3333333333333,2,125,-54.5239031819188,9.25429653375139,1
1290,21.5,2,125,-58.0308388431976,9.21379301260275,1
1300,21.6666666666667,2,125,-55.2872018319432,9.90718920409729,1
1310,21.8333333333333,2,125,-59.3919994460598,10.7268590690838,0
1320,22,2,125,-57.6205827901397,17.3740081503461,0
1330,22.1666666666667,2,125,-56.3354297942727,12.7046090272001,0
1340,22.3333333333333,2,125,-58.1333706156985,19.5784070299828,0
1350,22.5,2,125,-60.618002359385,17.1972634680067,0
1360,22.6666666666667,2,125,-57.6661328565,19.1120784760757,0
1370,22.8333333333333,2,125,-57.3529972109417,24.4775908994568,0
1380,23,2,125,-56.6357684041052,19.9410260139681,0
1390,23.1666666666667,2,125,-57.6213943244158,24.2541389971507,0
1400,23.3333333333333,2,125,-57.9495279537782,24.435778488773,0
1410,23.5,2,125,-57.7796339421413,20.7227412273327,0
1420,23.6666666666667,2,125,-59.31751783051,24.5840071635888,0
1430,23.8333333333333,2,125,-59.1469663478978,22.7497687681161,0
0,0,3,70,-48.4526955541801,24.6025963990289,0
10,0.166666666666667,3,70,-48.5222245279122,30.0105772497774,0
20,0.333333333333333,3,70,-49.6724582370696,28.7415699978882,0
30,0.5,3,70,-47.3854375080047,28.2930980336933,0
40,0.666666666666667,3,70,-50.9054717215378,18.5454740973928,0
50,0.833333333333333,3,70,-47.8657297431087,29.4172230504262,0
60,1,3,70,-48.8039697949862,25.2131171013731,0
70,1.16666666666667,3,70,-47.2634363731769,19.3295450987127,0
80,1.33333333333333,3,70,-48.5664484546203,19.440620871398,0
90,1.5,3,70,-50.1358831456813,19.6497640755576,0
100,1.66666666666667,3,70,-47.8954353634921,17.5180837333012,0
110,1.83333333333333,3,70,-50.2661097713871,18.1118290248447,0
120,2,3,70,-49.138506979738,17.126751678683,0
130,2.16666666666667,3,70,-50.9922188533173,14.8539425684394,0
140,2.33333333333333,3,70,-46.2923730163707,12.5959255060644,0
150,2.5,3,70,-47.0099310265729,15.0680780585035,0
160,2.66666666666667,3,70,-48.1109805053663,11.8466443053081,0
170,2.83333333333333,3,70,-52.8548056532095,9.94980949749498,1
180,3,3,70,-47.8812708496601,6.63513275796853,1
190,3.16666666666667,3,70,-47.8912530887742,10.1109684599434,0
200,3.33333333333333,3,70,-49.1340926402753,13.8041101117712,0
210,3.5,3,70,-50.3053086339157,13.0440568216321,0
220,3.66666666666667,3,70,-49.6791690438148,9.01623149760872,1
230,3.83333333333333,3,70,-51.7408694204247,12.944003121399,0
240,4,3,70,-49.7769296305622,9.05624395581174,1
250,4.16666666666667,3,70,-51.2076910811684,17.7562560803806,0
260,4.33333333333333,3,70,-50.3796470792463,21.9062951374846,0
270,4.5,3,70,-51.3970636136029,19.9023033174393,0
280,4.66666666666667,3,70,-51.3477697317787,21.1430583633675,0
290,4.83333333333333,3,70,-51.0575128144854,21.4279197996764,0
300,5,3,70,-47.3151028001366,16.8398382110133,0
310,5.16666666666667,3,70,-49.402306125207,23.9323023268846,0
320,5.33333333333333,3,70,-50.9497991483116,25.0846143524002,0
330,5.5,3,70,-49.399082028631,24.6829045329626,0
340,5.66666666666667,3,70,-48.6511410051495,30.6573446534724,0
350,5.83333333333333,3,70,-48.1207633129852,28.6269615219274,0
360,6,3,70,-50.4095829569533,29.9751570194111,0
370,6.16666666666667,3,70,-51.5376462039834,32.3501816548846,0
380,6.33333333333333,3,70,-45.7928497040376,26.6393634806671,0
390,6.5,3,70,-50.2096191069973,21.8048046739287,0
400,6.66666666666667,3,70,-52.5364963423632,23.1618583013191,0
410,6.83333333333333,3,70,-50.7823478445084,25.4144162925045,0
420,7,3,70,-53.2474713880937,19.0236765730476,0
430,7.16666666666667,3,70,-48.2566191057974,14.252107993909,0
440,7.33333333333333,3,70,-46.8378440136651,10.041505000921,0
450,7.5,3,70,-47.2882670162526,20.6842163906787,0
460,7.66666666666667,3,70,-48.6391382737569,16.7932298178699,0
470,7.83333333333333,3,70,-55.7780413691504,13.5090643347063,0
480,8,3,70,-51.4377345059993,8.08332768941531,1
490,8.16666666666667,3,70,-49.7388070536324,16.7341400616957,0
500,8.33333333333333,3,70,-50.3422229192143,10.4495061291406,0
510,8.5,3,70,-48.7180920141111,8.02676947732766,1
520,8.66666666666667,3,70,-50.286358782801,12.4019125437496,0
530,8.83333333333333,3,70,-46.9478426170634,12.213602582774,0
540,9,3,70,-49.3196875551941,8.31199261734412,1
550,9.16666666666667,3,70,-47.8554757221981,13.4791191326458,0
560,9.33333333333333,3,70,-47.1970398427336,9.65488554361843,1
570,9.5,3,70,-51.7089262616236,16.763006233753,0
580,9.66666666666667,3,70,-50.9028015213654,9.72857191412676,1
590,9.83333333333333,3,70,-52.8824114435588,9.41703743582787,1
600,10,3,70,-52.2974920593833,19.0172244324132,0
610,10.1666666666667,3,70,-49.5052137634394,16.3152090114163,0
620,10.3333333333333,3,70,-50.580610609067,13.8956705509037,0
630,10.5,3,70,-49.7857110235418,12.0895249430783,0
640,10.6666666666667,3,70,-49.0261260701116,24.4274648302668,0
650,10.8333333333333,3,70,-49.3507963455202,24.8684581874492,0
660,11,3,70,-53.0202511205917,20.3676711749526,0
670,11.1666666666667,3,70,-50.747831782428,24.6345591697675,0
680,11.3333333333333,3,70,-49.2804981466662,21.0402391051027,0
690,11.5,3,70,-47.8005565568884,24.1664536468116,0
700,11.6666666666667,3,70,-51.0791679561801,20.9103712048067,0
710,11.8333333333333,3,70,-51.6496939517989,23.3774976322572,0
720,12,3,70,-50.3833502880042,20.6510897273073,0
730,12.1666666666667,3,70,-51.7636814085001,24.3160320983747,0
740,12.3333333333333,3,70,-50.9828776996019,23.656232020393,0
750,12.5,3,70,-49.1704067763354,23.370591633646,0
760,12.6666666666667,3,70,-51.0564387844109,19.1806354970762,0
770,12.8333333333333,3,70,-49.8528970342231,20.5639510182979,0
780,13,3,70,-48.9972479298386,24.2443705581668,0
790,13.1666666666667,3,70,-50.4956160382341,20.0194033921647,0
800,13.3333333333333,3,70,-51.9614448095464,21.8239691879585,0
810,13.5,3,70,-43.3160570059552,15.946688115757,0
820,13.6666666666667,3,70,-50.1159706622658,16.2076165119991,0
830,13.8333333333333,3,70,-48.7185701086327,16.0722656919794,0
840,14,3,70,-50.4279649468097,19.9634125870549,0
850,14.1666666666667,3,70,-49.8225402347441,7.44474814032155,1
860,14.3333333333333,3,70,-50.2816630994073,9.05385474203225,1
870,14.5,3,70,-50.1164365202824,13.9634877855241,0
880,14.6666666666667,3,70,-51.4972545988021,19.772654431716,0
890,14.8333333333333,3,70,-50.2565760564277,14.5455717891194,0
900,15,3,70,-46.9257757755062,10.8752246624169,0
910,15.1666666666667,3,70,-48.6244387463303,10.6774615837184,0
920,15.3333333333333,3,70,-52.4515188513996,14.2866562374449,0
930,15.5,3,70,-48.9416049440078,12.6919913868154,0
940,15.6666666666667,3,70,-45.8196939140595,13.9904230905967,0
950,15.8333333333333,3,70,-48.3445188930098,15.952054974436,0
960,16,3,70,-51.3290897695165,17.0425656272547,0
970,16.1666666666667,3,70,-43.8244160577823,15.5680049858899,0
980,16.3333333333333,3,70,-50.6053115086111,16.4519013345183,0
990,16.5,3,70,-49.8382614755444,19.5202822614919,0
1000,16.6666666666667,3,70,-49.3495355818714,18.9537120310525,0
1010,16.8333333333333,3,70,-48.5613367392376,19.9642472273807,0
1020,17,3,70,-47.2635989282678,19.0033111125354,0
1030,17.1666666666667,3,70,-48.3526965434571,21.1656803038673,0
1040,17.3333333333333,3,70,-51.2785393390659,23.1743255834351,0
1050,17.5,3,70,-49.0954963352965,26.3462568248395,0
1060,17.6666666666667,3,70,-50.828355139604,21.9850591406993,0
1070,17.8333333333333,3,70,-49.4472036238864,25.035016925262,0
1080,18,3,70,-49.7145698778241,23.7784030568595,0
1090,18.1666666666667,3,70,-48.8312082134027,21.2963657466278,0
1100,18.3333333333333,3,70,-49.7074589480084,27.3793799885584,0
1110,18.5,3,70,-45.7354982110034,25.4707182257896,0
1120,18.6666666666667,3,70,-52.0968417312974,16.2484733883247,0
1130,18.8333333333333,3,70,-51.667246133288,23.0766415183178,0
1140,19,3,70,-45.8946136555119,20.8256164369131,0
1150,19.1666666666667,3,70,-51.2072463412932,27.9376562516573,0
1160,19.3333333333333,3,70,-48.8290837655694,17.6085997331645,0
1170,19.5,3,70,-48.351173468845,14.3948463034395,0
1180,19.6666666666667,3,70,-49.5431864852087,17.2039147389083,0
1190,19.8333333333333,3,70,-48.4065903983739,18.1242914083196,0
1200,20,3,70,-50.5280269146788,10.9123679442752,0
1210,20.1666666666667,3,70,-48.4899905060456,18.5565056981084,0
1220,20.3333333333333,3,70,-53.1947973458688,10.5668706376469,0
1230,20.5,3,70,-50.2832440873374,15.9485107108465,0
1240,20.6666666666667,3,70,-51.4908263350824,9.75844607246987,1
1250,20.8333333333333,3,70,-49.3696319139873,14.0154085110378,0
1260,21,3,70,-48.3975748132544,10.8359593851258,0
1270,21.1666666666667,3,70,-47.1410609390441,10.8341668474751,0
1280,21.3333333333333,3,70,-48.2051076071368,19.1682825253005,0
1290,21.5,3,70,-49.4745113451526,15.211242906446,0
1300,21.6666666666667,3,70,-48.0836607784211,15.110187055748,0
1310,21.8333333333333,3,70,-49.6952386335458,9.31434556261346,1
1320,22,3,70,-49.1084803827244,14.6041333091591,0
1330,22.1666666666667,3,70,-49.3537081450895,15.7879238505316,0
1340,22.3333333333333,3,70,-50.029490645137,16.9931611903803,0
1350,22.5,3,70,-47.0021283640297,18.9136274940928,0
1360,22.6666666666667,3,70,-52.2663831163613,13.7891674025191,0
1370,22.8333333333333,3,70,-49.3637230874609,23.6306328268258,0
1380,23,3,70,-47.8102493904606,24.1865377810101,0
1390,23.1666666666667,3,70,-44.9615676013164,16.0097470047614,0
1400,23.3333333333333,3,70,-45.6636592296467,24.0182552754647,0
1410,23.5,3,70,-49.5038072745783,24.87694250701,0
1420,23.6666666666667,3,70,-48.4645685989872,27.618523193298,0
1430,23.8333333333333,3,70,-50.0325974160065,21.9125501768594,0
0,0,4,456,-77.2971352601285,27.0188902771089,1
10,0.166666666666667,4,456,-80.6018910721841,24.3368438564215,1
20,0.333333333333333,4,456,-78.0218962586284,18.7920615540871,1
30,0.5,4,456,-76.8572737578833,25.479618646762,1
40,0.666666666666667,4,456,-77.0108636073276,18.3637384118646,1
50,0.833333333333333,4,456,-81.7874304821363,16.1095462836327,1
60,1,4,456,-77.0216591746647,20.2036685352256,1
70,1.16666666666667,4,456,-72.7667357196551,21.8184495615279,0
80,1.33333333333333,4,456,-80.6876498313897,15.4608878564501,1
90,1.5,4,456,-75.8676513140467,14.7641906404339,1
100,1.66666666666667,4,456,-77.2843124891641,16.0746281386167,1
110,1.83333333333333,4,456,-77.1600931675777,13.7218962569666,1
120,2,4,456,-78.6150418299924,9.38028169078673,1
130,2.16666666666667,4,456,-78.4102649090035,12.9840609859635,1
140,2.33333333333333,4,456,-74.1480879510113,14.677906414725,0
150,2.5,4,456,-79.2910257088366,14.3755904939395,1
160,2.66666666666667,4,456,-80.9648942722416,14.8423851934157,1
170,2.83333333333333,4,456,-76.4901320657286,5.38424870031077,1
180,3,4,456,-82.3001444397963,23.768371195925,1
190,3.16666666666667,4,456,-75.9016130838754,8.51090285364506,1
200,3.33333333333333,4,456,-77.2276448901283,11.0756333360831,1
210,3.5,4,456,-76.7269625357366,10.1290776483574,1
220,3.66666666666667,4,456,-76.2834734860569,10.2033438711938,1
230,3.83333333333333,4,456,-79.475657103953,17.7568506922908,1
240,4,4,456,-78.7143835829607,16.3254901005488,1
250,4.16666666666667,4,456,-75.0315876599196,20.7093504365218,1
260,4.33333333333333,4,456,-78.4824707139866,18.5237709492637,1
270,4.5,4,456,-76.3614111018861,17.3227524546661,1
280,4.66666666666667,4,456,-76.4718206664921,16.1349921417501,1
290,4.83333333333333,4,456,-81.4057764504016,25.9928617712892,1
300,5,4,456,-76.5636000480393,21.8282459262845,1
310,5.16666666666667,4,456,-79.6528171320738,24.6541244094813,1
320,5.33333333333333,4,456,-83.0235044290659,22.880942311269,1
330,5.5,4,456,-77.0426663218447,24.9843605550365,1
340,5.66666666666667,4,456,-74.7467761093258,30.1284311466028,0
350,5.83333333333333,4,456,-77.8474004250189,19.4662464515585,1
360,6,4,456,-79.2685724552109,19.3161359479809,1
370,6.16666666666667,4,456,-78.7673854607866,22.5504682648125,1
380,6.33333333333333,4,456,-79.3793386490147,28.4701131788921,1
390,6.5,4,456,-79.7461503607423,16.5230240370018,1
400,6.66666666666667,4,456,-79.2137830365364,18.4600367594226,1
410,6.83333333333333,4,456,-77.7375789866852,19.9723298499877,1
420,7,4,456,-76.6802961547724,21.6371606192189,1
430,7.16666666666667,4,456,-79.7108899472243,19.1725151556949,1
440,7.33333333333333,4,456,-79.8531563605808,14.8791636729155,1
450,7.5,4,456,-76.9201286828805,22.8086689493606,1
460,7.66666666666667,4,456,-76.8390321777788,19.2306741687141,1
470,7.83333333333333,4,456,-75.3709424725862,15.1638607014346,1
480,8,4,456,-81.1735101409062,15.4997921853624,1
490,8.16666666666667,4,456,-80.6241462719378,14.0433591538519,1
500,8.33333333333333,4,456,-77.9057407954892,9.95235189022151,1
510,8.5,4,456,-77.647236497024,11.2094419220996,1
520,8.66666666666667,4,456,-78.1738246537881,11.3663562626464,1
530,8.83333333333333,4,456,-77.7915051887081,9.91139077109282,1
540,9,4,456,-80.6776851055335,7.98402095973161,1
550,9.16666666666667,4,456,-78.1752943725295,15.7010026276479,1
560,9.33333333333333,4,456,-77.2629621904375,11.0833610190126,1
570,9.5,4,456,-78.4825329449208,12.8204788652331,1
580,9.66666666666667,4,456,-76.6737478760857,10.6390067973284,1
590,9.83333333333333,4,456,-78.387808808813,13.7943027448425,1
600,10,4,456,-79.5059254831591,11.2004459262161,1
610,10.1666666666667,4,456,-79.4593241291222,15.992915006093,1
620,10.3333333333333,4,456,-78.8207539480868,19.2062862265839,1
630,10.5,4,456,-81.7095863377646,19.3655743826759,1
640,10.6666666666667,4,456,-77.3984384865047,17.4332629073868,1
650,10.8333333333333,4,456,-77.2339911102833,21.9049499284913,1
660,11,4,456,-79.5349870696968,26.4114949834267,1
670,11.1666666666667,4,456,-83.131712438249,24.928275017577,1
680,11.3333333333333,4,456,-74.208197414929,19.26002645769,0
690,11.5,4,456,-79.9270453192388,27.3745338816674,1
700,11.6666666666667,4,456,-79.7666233838066,20.8324536727476,1
710,11.8333333333333,4,456,-78.9029340936812,29.5406566758525,1
720,12,4,456,-74.576873980306,25.2887771758417,0
730,12.1666666666667,4,456,-79.9910583088447,23.5305020345728,1
740,12.3333333333333,4,456,-77.7060434184108,19.1618827586313,1
750,12.5,4,456,-78.468121530954,22.4317299143948,1
760,12.6666666666667,4,456,-80.3698782059957,30.2114605647961,1
770,12.8333333333333,4,456,-78.9967453609604,20.0670060219378,1
780,13,4,456,-76.8758856768357,21.2764824681813,1
790,13.1666666666667,4,456,-77.2712601949519,24.5016312884952,1
800,13.3333333333333,4,456,-78.5743881424706,17.3390220913675,1
810,13.5,4,456,-80.8430666580762,16.5635157833517,1
820,13.6666666666667,4,456,-76.933826550647,17.2322666198161,1
830,13.8333333333333,4,456,-75.2463216143481,15.3945963933654,1
840,14,4,456,-79.4394526963868,8.22280708924501,1
850,14.1666666666667,4,456,-77.4336990345034,9.51341212552032,1
860,14.3333333333333,4,456,-80.8349401487601,13.4687216719379,1
870,14.5,4,456,-79.2170656699629,13.4987486939852,1
880,14.6666666666667,4,456,-83.4806431328214,8.26057876267114,1
890,14.8333333333333,4,456,-77.0134636031689,7.2562863691664,1
900,15,4,456,-79.0891398729017,9.7151124062335,1
910,15.1666666666667,4,456,-76.6496801326081,14.4981048753161,1
920,15.3333333333333,4,456,-77.420601705331,7.23952602055373,1
930,15.5,4,456,-76.1774174425566,14.0878348020796,1
940,15.6666666666667,4,456,-79.561199446231,10.5364230724141,1
950,15.8333333333333,4,456,-79.4064012175702,20.6749197374491,1
960,16,4,456,-74.9706991889683,15.3901668482069,0
970,16.1666666666667,4,456,-76.1706519504202,16.8569228417703,1
980,16.3333333333333,4,456,-76.5793684125344,15.6370285672456,1
990,16.5,4,456,-81.3376178426326,20.390769042317,1
1000,16.6666666666667,4,456,-78.7970016663462,14.997993051533,1
1010,16.8333333333333,4,456,-76.5194748986634,18.3982988434425,1
1020,17,4,456,-81.1800418950822,20.3869815655091,1
1030,17.1666666666667,4,456,-77.718989487219,24.6143746392797,1
1040,17.3333333333333,4,456,-79.1004853097016,27.3091639313931,1
1050,17.5,4,456,-81.2526603905734,24.2223920650446,1
1060,17.6666666666667,4,456,-80.424478819488,25.380731326191,1
1070,17.8333333333333,4,456,-79.7607179757912,23.6308087257441,1
1080,18,4,456,-81.6723977034284,26.4711577860129,1
1090,18.1666666666667,4,456,-77.5665290921158,28.6339220973275,1
1100,18.3333333333333,4,456,-79.1383251162849,26.8489710311012,1
1110,18.5,4,456,-79.4114378621341,23.6038729545029,1
1120,18.6666666666667,4,456,-74.3612528280645,29.8586691137733,0
1130,18.8333333333333,4,456,-78.1946402324925,24.5468851576174,1
1140,19,4,456,-79.370243415487,23.4237889832931,1
1150,19.1666666666667,4,456,-77.3164383852491,19.5307913953553,1
1160,19.3333333333333,4,456,-76.5153331742416,19.8438068708178,1
1170,19.5,4,456,-79.8262846469544,19.0796980913002,1
1180,19.6666666666667,4,456,-78.414799514206,14.963895740132,1
1190,19.8333333333333,4,456,-76.9162625503999,12.9618571241411,1
1200,20,4,456,-78.8700301281187,13.0824678136432,1
1210,20.1666666666667,4,456,-76.2859239765229,15.2850737380971,1
1220,20.3333333333333,4,456,-76.281475484993,12.2079838691727,1
1230,20.5,4,456,-74.9128376159252,7.00829739240853,1
1240,20.6666666666667,4,456,-78.8355705062682,14.5589636875418,1
1250,20.8333333333333,4,456,-79.7296064335679,11.5909991660267,1
1260,21,4,456,-74.7287101249161,5.50821116854922,1
1270,21.1666666666667,4,456,-78.3419649250709,9.57642242216744,1
1280,21.3333333333333,4,456,-79.0716539947255,16.6169769136745,1
1290,21.5,4,456,-77.3029329530911,14.1265910412555,1
1300,21.6666666666667,4,456,-79.6625196578552,9.37980632519689,1
1310,21.8333333333333,4,456,-80.1016644612663,15.9663641257247,1
1320,22,4,456,-74.1966102001644,10.8691781874579,0
1330,22.1666666666667,4,456,-81.0342844514455,17.179641528556,1
1340,22.3333333333333,4,456,-83.4365924607749,14.7548959960589,1
1350,22.5,4,456,-79.3388161180518,14.4432483711049,1
1360,22.6666666666667,4,456,-77.5308444662448,18.9446587337253,1
1370,22.8333333333333,4,456,-78.7986636884808,18.891806438842,1
1380,23,4,456,-78.22904101215,21.9053435178429,1
1390,23.1666666666667,4,456,-77.1394532429369,23.9282892057198,1
1400,23.3333333333333,4,456,-74.9945414749501,26.060440948348,0
1410,23.5,4,456,-79.2879024268848,22.0867806431695,1
1420,23.6666666666667,4,456,-76.0802845574968,24.1882408615327,1
1430,23.8333333333333,4,456,-80.0128983557321,21.9280853339582,1
0,0,5,293,-72.2994023811638,24.3074110772781,0
10,0.166666666666667,5,293,-70.8365934818781,31.6878363396517,0
20,0.333333333333333,5,293,-74.6847145288049,28.0858308904584,0
30,0.5,5,293,-70.1177822076976,25.6101580319851,0
40,0.666666666666667,5,293,-71.1129274259515,27.7574799819021,0
50,0.833333333333333,5,293,-72.4375101369994,28.426967904412,0
60,1,5,293,-71.0434418427309,21.8966318445757,0
70,1.16666666666667,5,293,-73.9208723002261,19.093179790845,0
80,1.33333333333333,5,293,-71.5761216373406,15.7181554606912,0
90,1.5,5,293,-70.6605585917122,19.2896210191063,0
100,1.66666666666667,5,293,-71.447093491838,22.8100233976429,0
110,1.83333333333333,5,293,-73.9122951041729,15.1057183161129,0
120,2,5,293,-70.5755985667509,17.1433762341122,0
130,2.16666666666667,5,293,-73.2555494586017,13.4275204108461,0
140,2.33333333333333,5,293,-70.4806565894191,11.6899473969613,0
150,2.5,5,293,-71.417707202002,11.2637797732729,0
160,2.66666666666667,5,293,-71.3933184386194,11.4683744014663,0
170,2.83333333333333,5,293,-69.6085080966878,10.2753772935086,0
180,3,5,293,-70.7350442167369,11.95630005627,0
190,3.16666666666667,5,293,-73.8705801624331,12.800626555492,0
200,3.33333333333333,5,293,-72.7403727315438,18.8220258095041,0
210,3.5,5,293,-69.3909788311511,5.60907361546271,1
220,3.66666666666667,5,293,-75.0550590834882,14.7135975429697,1
230,3.83333333333333,5,293,-70.9770284694119,12.1111094400738,0
240,4,5,293,-69.5987173363046,13.426878157538,0
250,4.16666666666667,5,293,-70.0214287998455,19.1925637069488,0
260,4.33333333333333,5,293,-70.2215850706562,14.6854565937031,0
270,4.5,5,293,-70.456778471735,12.4880513591335,0
280,4.66666666666667,5,293,-70.0044827228289,17.7905800048727,0
290,4.83333333333333,5,293,-69.1411760089007,23.3962666705045,0
300,5,5,293,-70.4337430101541,20.0160900975778,0
310,5.16666666666667,5,293,-71.4520680982125,23.2829010120279,0
320,5.33333333333333,5,293,-71.5244863274291,23.8200484037668,0
330,5.5,5,293,-69.0166308969313,26.4311454484003,0
340,5.66666666666667,5,293,-69.454832321643,31.6644630725952,0
350,5.83333333333333,5,293,-74.0542460902889,24.3252291335566,0
360,6,5,293,-72.1575161347883,22.6763328415788,0
370,6.16666666666667,5,293,-69.8520836104675,21.5267623945384,0
380,6.33333333333333,5,293,-70.9129644191616,24.2114443078234,0
390,6.5,5,293,-73.3032811414494,24.9621758998079,0
400,6.66666666666667,5,293,-70.1771722946499,15.0918641801679,0
410,6.83333333333333,5,293,-68.2997514664228,20.0242396524728,0
420,7,5,293,-69.2653679256367,24.2576941337457,0
430,7.16666666666667,5,293,-70.884630589792,22.8281098637559,0
440,7.33333333333333,5,293,-72.6290974385296,22.4716428251059,0
450,7.5,5,293,-69.5181142934688,19.1986199117325,0
460,7.66666666666667,5,293,-70.9978656309067,20.4921628303587,0
470,7.83333333333333,5,293,-69.4981386486509,17.9004583477951,0
480,8,5,293,-73.0377204866964,13.2606134787272,0
490,8.16666666666667,5,293,-73.4498210970985,23.5836196571848,0
500,8.33333333333333,5,293,-71.4123481373202,13.2794880100939,0
510,8.5,5,293,-72.3494968246629,8.41028071088923,1
520,8.66666666666667,5,293,-70.3587792187793,10.1556378749769,0
530,8.83333333333333,5,293,-65.5846834360674,12.0017188097554,0
540,9,5,293,-69.9179778008747,15.2253137975042,0
550,9.16666666666667,5,293,-67.1916384784083,6.8455610474359,1
560,9.33333333333333,5,293,-71.7649614816472,6.56977566039562,1
570,9.5,5,293,-69.513766694623,15.7154484851164,0
580,9.66666666666667,5,293,-68.7853550633985,19.0671456159207,0
590,9.83333333333333,5,293,-69.8545906973063,10.1426916075766,0
600,10,5,293,-71.2829374200281,12.79135803967,0
610,10.1666666666667,5,293,-70.7736568171379,16.3770641398155,0
620,10.3333333333333,5,293,-70.2327378295644,14.2307623897571,0
630,10.5,5,293,-73.0220069524297,24.89309342548,0
640,10.6666666666667,5,293,-70.6841704616401,17.4792670111132,0
650,10.8333333333333,5,293,-68.6234658209392,15.9709953151837,0
660,11,5,293,-71.6673906844985,14.4614144173617,0
670,11.1666666666667,5,293,-70.1109875040953,19.9282613000226,0
680,11.3333333333333,5,293,-69.7934375488999,19.1285453922248,0
690,11.5,5,293,-70.6892629477029,21.163067250459,0
700,11.6666666666667,5,293,-70.9361033663824,27.5349021325296,0
710,11.8333333333333,5,293,-69.3655878259833,21.5224562387828,0
720,12,5,293,-71.9240606619339,27.4180869131004,0
730,12.1666666666667,5,293,-77.7555543200136,23.531043209505,1
740,12.3333333333333,5,293,-67.7713470491868,25.6857580220444,0
750,12.5,5,293,-70.8440243870898,20.2387476296389,0
760,12.6666666666667,5,293,-69.590357149135,17.7572603713882,0
770,12.8333333333333,5,293,-75.3321678378435,23.2777420785677,1
780,13,5,293,-75.4072281014677,22.2541100090885,1
790,13.1666666666667,5,293,-66.8766723629012,23.0674622930831,0
800,13.3333333333333,5,293,-73.6890752256092,20.774423148998,0
810,13.5,5,293,-69.4805159243272,21.6177039555485,0
820,13.6666666666667,5,293,-70.3285708759507,16.4837677156083,0
830,13.8333333333333,5,293,-69.4435628701661,17.7753129673248,0
840,14,5,293,-74.3145079682887,15.7595980572828,0
850,14.1666666666667,5,293,-70.9171346211855,19.780924247162,0
860,14.3333333333333,5,293,-69.7540346957319,15.5144414751643,0
870,14.5,5,293,-71.8284639280592,8.78948820690388,1
880,14.6666666666667,5,293,-71.992913805993,8.64453325438453,1
890,14.8333333333333,5,293,-71.5378016585372,11.7605975093941,0
900,15,5,293,-73.1593744370235,12.5301187049727,0
910,15.1666666666667,5,293,-69.7926642631237,11.5669198139976,0
920,15.3333333333333,5,293,-69.8003657159011,13.4795077514019,0
930,15.5,5,293,-69.3327100547927,9.5501356479492,1
940,15.6666666666667,5,293,-73.891541253862,8.53547058854867,1
950,15.8333333333333,5,293,-70.4735145134887,6.76876615405674,1
960,16,5,293,-70.0984643339223,15.0431137787854,0
970,16.1666666666667,5,293,-66.2885240634027,16.8306193431687,0
980,16.3333333333333,5,293,-68.811569378847,16.2520238757689,0
990,16.5,5,293,-68.8947583669045,18.8414402379593,0
1000,16.6666666666667,5,293,-68.4579040035701,17.7620902590853,0
1010,16.8333333333333,5,293,-67.6364023402342,16.8229245487123,0
1020,17,5,293,-72.7967548314726,22.746512725158,0
1030,17.1666666666667,5,293,-69.7826793053572,20.9470149602408,0
1040,17.3333333333333,5,293,-70.2179008944408,24.9704082394561,0
1050,17.5,5,293,-72.6750472303413,25.7744262439439,0
1060,17.6666666666667,5,293,-74.0160054897356,27.9536933992793,0
1070,17.8333333333333,5,293,-70.4018007369755,22.5546140392136,0
1080,18,5,293,-72.1387096341776,24.8196928171777,0
1090,18.1666666666667,5,293,-71.5382645818255,27.0340610977494,0
1100,18.3333333333333,5,293,-69.3733863460284,26.270597899276,0
1110,18.5,5,293,-69.8713938429926,26.6128714751164,0
1120,18.6666666666667,5,293,-69.5164948706223,21.3632075556198,0
1130,18.8333333333333,5,293,-71.848037682265,17.8827435690236,0
1140,19,5,293,-71.91491624488,23.5317636668904,0
1150,19.1666666666667,5,293,-73.4986650659957,21.1765706015855,0
1160,19.3333333333333,5,293,-72.0280048274291,16.8169818312182,0
1170,19.5,5,293,-74.7284972443635,14.8853362529104,0
1180,19.6666666666667,5,293,-65.26390650274,17.7870790988861,0
1190,19.8333333333333,5,293,-70.9419410760871,15.0798956991107,0
1200,20,5,293,-74.7611635514534,8.83260463069267,1
1210,20.1666666666667,5,293,-73.3712189390796,10.3273244816836,0
1220,20.3333333333333,5,293,-70.7336417182356,7.90324720359713,1
1230,20.5,5,293,-71.1525465626383,12.8727957473359,0
1240,20.6666666666667,5,293,-74.1553052071209,10.4520248860076,0
1250,20.8333333333333,5,293,-69.181455368478,4.08228865584854,1
1260,21,5,293,-72.4348436314402,3.50492293433001,1
1270,21.1666666666667,5,293,-74.2985447309258,7.87973557657646,1
1280,21.3333333333333,5,293,-73.0401082022045,13.6763861343202,0
1290,21.5,5,293,-70.7164129865994,8.41735281537096,1
1300,21.6666666666667,5,293,-73.6640220946516,12.9122746078176,0
1310,21.8333333333333,5,293,-75.9113558828361,10.8310224681139,1
1320,22,5,293,-72.3943105532418,11.5771557886758,0
1330,22.1666666666667,5,293,-70.7354041731724,9.04963894039769,1
1340,22.3333333333333,5,293,-73.7452909609068,10.8126415868965,0
1350,22.5,5,293,-72.8599411881766,20.695296440666,0
1360,22.6666666666667,5,293,-71.6650445246093,18.9216048432459,0
1370,22.8333333333333,5,293,-72.0342825845405,24.7655006579585,0
1380,23,5,293,-71.2838962725429,14.8962307868468,0
1390,23.1666666666667,5,293,-72.7735275916276,18.7653204225563,0
1400,23.3333333333333,5,293,-75.80118877388,21.4369505124814,1
1410,23.5,5,293,-71.1365357005339,27.714498871738,0
1420,23.6666666666667,5,293,-72.8206939538175,22.3403052052327,0
1430,23.8333333333333,5,293,-74.8650192871822,22.5510897841336,0
